 읍면동 연령별 인구현황(내국인) ,,,,,,,,,,,,,,,,,,,,,,,,,,,,,,,,,,,,,,,,,,,,,,,,,,,,,,,,,,,,,,,,,,,,,,,,,,,,,,,,,,,,,,,,,,,,,,,,,,,,,,,,,,,,,,,,,,,,,,,,,,,,,,,,
 용인시 , 2021.6.30.기준 ,,,,,,,,,,,,,,,,,,,,,,,,,,,,,,,,,,,,,,,,,,,,,,,,,,,,,,,,,,,,,,,,,,,,,,,,,,,,,,,,,,,,,,,,,,,,,,,,,,,,,,,,,,,,,,,,,,,,,,,,,,,,,,,
 연령별 , 용 인 시 ,,, 처 인 구 ,,, 기 흥 구 ,,, 수 지 구 ,,, 포 곡 읍 ,,, 모 현 읍 ,,, 이 동 읍 ,,, 남 사 읍 ,,, 원 삼 면 ,,, 백 암 면 ,,, 양 지 면 ,,, 중 앙 동 ,,, 역 삼 동 ,,, 유 림 동 ,,, 동 부 동 ,,, 신 갈 동 ,,, 영덕1동 ,,, 영덕2동 ,,, 구 갈 동 ,,, 상 갈 동 ,,, 보 라 동 ,,, 기 흥 동 ,,, 서 농 동 ,,, 구 성 동 ,,, 마 북 동 ,,, 동백1동 ,,, 동백2동 ,,, 동백3동 ,,, 상 하 동 ,,, 보 정 동 ,,, 풍 덕 천 1 동 ,,, 풍 덕 천 2 동 ,,, 신 봉 동 ,,, 죽 전 1 동 ,,, 죽 전 2 동 ,,, 동 천 동 ,,, 상 현 1 동 ,,, 상 현 2 동 ,,, 성 복 동 ,,,,,,,,,,,,,
, 계 , 남 , 여 , 계 , 남 , 여 , 계 , 남 , 여 , 계 , 남 , 여 , 계 , 남 , 여 , 계 , 남 , 여 , 계 , 남 , 여 , 계 , 남 , 여 , 계 , 남 , 여 , 계 , 남 , 여 , 계 , 남 , 여 , 계 , 남 , 여 , 계 , 남 , 여 , 계 , 남 , 여 , 계 , 남 , 여 , 계 , 남 , 여 , 계 , 남 , 여 , 계 , 남 , 여 , 계 , 남 , 여 , 계 , 남 , 여 , 계 , 남 , 여 , 계 , 남 , 여 , 계 , 남 , 여 , 계 , 남 , 여 , 계 , 남 , 여 , 계 , 남 , 여 , 계 , 남 , 여 , 계 , 남 , 여 , 계 , 남 , 여 , 계 , 남 , 여 , 계 , 남 , 여 , 계 , 남 , 여 , 계 , 남 , 여 , 계 , 남 , 여 , 계 , 남 , 여 , 계 , 남 , 여 , 계 , 남 , 여 , 계 , 남 , 여 , 계 , 남 , 여 ,,,,,,,,,,,
 합     계 ," 1,077,826 "," 534,946 "," 542,880 "," 260,877 "," 134,045 "," 126,832 "," 439,791 "," 217,094 "," 222,697 "," 377,158 "," 183,807 "," 193,351 "," 33,552 "," 17,388 "," 16,164 "," 26,794 "," 14,036 "," 12,758 "," 20,352 "," 10,412 "," 9,940 "," 23,757 "," 11,985 "," 11,772 "," 8,273 "," 4,283 "," 3,990 "," 8,857 "," 4,851 "," 4,006 "," 20,224 "," 10,964 "," 9,260 "," 24,927 "," 12,616 "," 12,311 "," 44,783 "," 22,446 "," 22,337 "," 36,303 "," 18,301 "," 18,002 "," 13,055 "," 6,763 "," 6,292 "," 38,473 "," 19,192 "," 19,281 "," 30,571 "," 15,183 "," 15,388 "," 17,558 "," 8,703 "," 8,855 "," 41,936 "," 20,902 "," 21,034 "," 13,359 "," 6,895 "," 6,464 "," 33,469 "," 16,591 "," 16,878 "," 21,680 "," 10,770 "," 10,910 "," 26,202 "," 13,461 "," 12,741 "," 39,189 "," 18,959 "," 20,230 "," 32,241 "," 15,731 "," 16,510 "," 33,020 "," 15,857 "," 17,163 "," 27,312 "," 13,414 "," 13,898 "," 23,535 "," 11,428 "," 12,107 "," 24,910 "," 12,168 "," 12,742 "," 36,336 "," 17,840 "," 18,496 "," 36,577 "," 18,232 "," 18,345 "," 41,370 "," 20,346 "," 21,024 "," 37,942 "," 18,407 "," 19,535 "," 56,712 "," 27,340 "," 29,372 "," 18,356 "," 9,093 "," 9,263 "," 49,576 "," 24,436 "," 25,140 "," 48,548 "," 23,394 "," 25,154 "," 33,677 "," 16,347 "," 17,330 "," 54,400 "," 26,212 "," 28,188 ",,,,,,,,,,,
 10대 미만 ," 97,820 "," 50,041 "," 47,779 ","20,710 ","10,564 ","10,146 ","41,140 ","21,151 ","19,989 ","35,970 ","18,326 ","17,644 ","2,263 ","1,154 ","1,109 ","1,890 ",999 ,891 ,"1,498 ",739 ,759 ,"3,180 ","1,594 ","1,586 ",339 ,170 ,169 ,242 ,137 ,105 ,"1,214 ",642 ,572 ,"1,557 ",784 ,773 ,"4,743 ","2,434 ","2,309 ","3,118 ","1,571 ","1,547 ",666 ,340 ,326 ,"3,324 ","1,683 ","1,641 ","3,357 ","1,700 ","1,657 ","1,839 ",946 ,893 ,"4,221 ","2,168 ","2,053 ",917 ,493 ,424 ,"2,890 ","1,506 ","1,384 ","1,799 ",923 ,876 ,"3,066 ","1,525 ","1,541 ","3,189 ","1,652 ","1,537 ","2,599 ","1,339 ","1,260 ","3,298 ","1,630 ","1,668 ","2,574 ","1,347 ","1,227 ","2,898 ","1,509 ","1,389 ","1,905 ","1,011 ",894 ,"3,264 ","1,719 ","1,545 ","2,677 ","1,388 ","1,289 ","4,578 ","2,348 ","2,230 ","3,363 ","1,682 ","1,681 ","4,804 ","2,425 ","2,379 ","1,472 ",769 ,703 ,"5,655 ","2,940 ","2,715 ","4,686 ","2,323 ","2,363 ","3,221 ","1,637 ","1,584 ","5,514 ","2,814 ","2,700 ",,,,,,,,,,,
 0세 ," 5,964 "," 3,064 "," 2,900 ","1,341 ",686 ,655 ,"2,459 ","1,276 ","1,183 ","2,164 ","1,102 ","1,062 ",132,68,64,92,47,45,83,38,45,233,121,112,18,9,9,10,4,6,78,40,38,110,55,55,335,172,163,206,109,97,44,23,21,299,148,151,200,98,102,153,79,74,335,170,165,82,37,45,111,54,57,112,62,50,185,99,86,179,91,88,182,104,78,127,63,64,77,50,27,152,75,77,115,71,44,150,75,75,274,149,125,288,153,135,154,73,81,251,122,129,154,87,67,346,179,167,264,124,140,179,86,93,254,129,125,,,,,,,,,,,
 1세 ," 6,942 "," 3,500 "," 3,442 ","1,519 ",773 ,746 ,"2,875 ","1,454 ","1,421 ","2,548 ","1,273 ","1,275 ",143,75,68,134,63,71,102,47,55,252,130,122,18,14,4,14,8,6,73,35,38,125,55,70,392,205,187,230,125,105,36,16,20,320,149,171,217,117,100,187,87,100,384,191,193,68,38,30,174,90,84,113,52,61,253,130,123,197,99,98,200,111,89,153,71,82,113,62,51,174,85,89,131,65,66,191,107,84,236,116,120,305,152,153,197,92,105,322,157,165,142,66,76,428,234,194,358,179,179,218,106,112,342,171,171,,,,,,,,,,,
 2세 ," 7,709 "," 3,960 "," 3,749 ","1,727 ",898 ,829 ,"3,208 ","1,657 ","1,551 ","2,774 ","1,405 ","1,369 ",165,92,73,137,74,63,121,57,64,276,143,133,25,8,17,16,6,10,97,50,47,132,70,62,437,237,200,266,130,136,55,31,24,337,171,166,245,120,125,187,92,95,387,215,172,75,47,28,207,110,97,139,69,70,254,115,139,206,110,96,215,109,106,210,101,109,126,64,62,248,128,120,166,99,67,206,107,99,245,127,118,334,169,165,223,126,97,353,172,181,143,68,75,460,240,220,358,180,178,245,113,132,413,210,203,,,,,,,,,,,
 3세 ," 8,555 "," 4,369 "," 4,186 ","1,879 ",965 ,914 ,"3,627 ","1,869 ","1,758 ","3,049 ","1,535 ","1,514 ",192,96,96,167,84,83,124,64,60,317,161,156,28,13,15,29,20,9,111,56,55,142,84,58,435,216,219,274,143,131,60,28,32,331,170,161,298,155,143,188,90,98,409,213,196,90,47,43,240,127,113,164,96,68,310,147,163,297,154,143,230,118,112,251,119,132,170,87,83,247,134,113,141,77,64,261,135,126,270,131,139,354,193,161,250,116,134,407,211,196,163,88,75,515,249,266,386,198,188,278,134,144,426,215,211,,,,,,,,,,,
 4세 ," 9,669 "," 5,028 "," 4,641 ","2,043 ","1,054 ",989 ,"4,033 ","2,106 ","1,927 ","3,593 ","1,868 ","1,725 ",196,103,93,178,90,88,167,83,84,315,160,155,35,18,17,23,11,12,112,62,50,165,79,86,494,260,234,302,156,146,56,32,24,342,176,166,331,180,151,192,111,81,434,237,197,109,61,48,297,155,142,213,107,106,303,149,154,331,178,153,251,121,130,270,128,142,218,102,116,272,147,125,168,94,74,302,160,142,271,159,112,404,220,184,333,159,174,490,248,242,178,91,87,566,311,255,470,242,228,302,158,144,579,280,299,,,,,,,,,,,
 5세 ," 11,136 "," 5,673 "," 5,463 ","2,358 ","1,201 ","1,157 ","4,714 ","2,430 ","2,284 ","4,064 ","2,042 ","2,022 ",241,125,116,214,108,106,162,80,82,374,189,185,38,19,19,34,20,14,121,55,66,159,79,80,567,278,289,364,198,166,84,50,34,345,180,165,400,206,194,217,120,97,528,275,253,94,53,41,347,182,165,206,100,106,354,178,176,328,160,168,275,132,143,384,198,186,297,162,135,330,172,158,212,102,110,397,210,187,268,139,129,516,258,258,350,166,184,546,282,264,161,96,65,696,346,350,505,236,269,369,179,190,653,340,313,,,,,,,,,,,
 6세 ," 11,492 "," 5,945 "," 5,547 ","2,323 ","1,199 ","1,124 ","4,853 ","2,541 ","2,312 ","4,316 ","2,205 ","2,111 ",245,122,123,226,131,95,180,98,82,351,186,165,39,20,19,24,11,13,144,81,63,160,86,74,543,281,262,342,152,190,69,31,38,339,179,160,408,199,209,221,116,105,465,234,231,84,43,41,353,174,179,234,139,95,335,174,161,356,192,164,295,162,133,436,227,209,323,178,145,371,198,173,211,102,109,422,224,198,285,147,138,563,271,292,441,222,219,538,269,269,144,71,73,702,372,330,552,284,268,370,196,174,721,373,348,,,,,,,,,,,
 7세 ," 11,555 "," 5,859 "," 5,696 ","2,384 ","1,229 ","1,155 ","4,821 ","2,401 ","2,420 ","4,350 ","2,229 ","2,121 ",278,141,137,237,130,107,193,91,102,338,158,180,47,23,24,26,18,8,150,82,68,171,87,84,472,256,216,387,193,194,85,50,35,303,144,159,402,193,209,169,82,87,442,200,242,98,51,47,368,188,180,197,90,107,348,179,169,391,208,183,290,151,139,434,205,229,408,216,192,329,173,156,243,122,121,399,199,200,265,120,145,608,303,305,469,245,224,576,283,293,134,74,60,673,357,316,522,272,250,405,225,180,698,350,348,,,,,,,,,,,
 8세 ," 12,368 "," 6,304 "," 6,064 ","2,564 ","1,288 ","1,276 ","5,153 ","2,643 ","2,510 ","4,651 ","2,373 ","2,278 ",322,161,161,264,143,121,183,88,95,368,182,186,49,22,27,40,23,17,157,88,69,185,85,100,534,264,270,369,186,183,93,46,47,357,180,177,431,225,206,167,90,77,413,202,211,94,48,46,381,213,168,200,105,95,348,168,180,418,220,198,319,167,152,479,228,251,425,208,217,390,201,189,255,133,122,476,255,221,271,148,123,610,328,282,485,252,233,688,343,345,120,56,64,678,346,332,643,295,348,458,231,227,698,374,324,,,,,,,,,,,
 9세 ," 12,430 "," 6,339 "," 6,091 ","2,572 ","1,271 ","1,301 ","5,397 ","2,774 ","2,623 ","4,461 ","2,294 ","2,167 ",349,171,178,241,129,112,183,93,90,356,164,192,42,24,18,26,16,10,171,93,78,208,104,104,534,265,269,378,179,199,84,33,51,351,186,165,425,207,218,158,79,79,424,231,193,123,68,55,412,213,199,221,103,118,376,186,190,486,240,246,342,164,178,554,290,264,417,218,199,385,196,189,263,146,117,460,247,213,292,152,140,596,301,295,461,231,230,633,338,295,133,72,61,591,306,285,628,313,315,397,209,188,730,372,358,,,,,,,,,,,
 10대 ," 121,970 "," 62,815 "," 59,155 ","26,133 ","13,838 ","12,295 ","50,432 ","25,873 ","24,559 ","45,405 ","23,104 ","22,301 ","3,721 ","2,001 ","1,720 ","2,419 ","1,262 ","1,157 ","1,780 ",925 ,855 ,"1,982 ",994 ,988 ,562 ,285 ,277 ,850 ,512 ,338 ,"2,773 ","1,657 ","1,116 ","2,197 ","1,115 ","1,082 ","4,428 ","2,250 ","2,178 ","4,312 ","2,226 ","2,086 ","1,109 ",611 ,498 ,"3,528 ","1,824 ","1,704 ","3,581 ","1,848 ","1,733 ","1,237 ",631 ,606 ,"3,334 ","1,705 ","1,629 ","1,263 ",634 ,629 ,"4,313 ","2,220 ","2,093 ","2,176 ","1,133 ","1,043 ","2,547 ","1,275 ","1,272 ","4,753 ","2,450 ","2,303 ","3,060 ","1,594 ","1,466 ","5,695 ","2,855 ","2,840 ","4,649 ","2,395 ","2,254 ","3,009 ","1,539 ","1,470 ","2,774 ","1,436 ","1,338 ","4,513 ","2,334 ","2,179 ","3,626 ","1,867 ","1,759 ","5,690 ","2,923 ","2,767 ","5,310 ","2,738 ","2,572 ","6,934 ","3,494 ","3,440 ","1,566 ",809 ,757 ,"5,362 ","2,765 ","2,597 ","6,126 ","3,085 ","3,041 ","4,225 ","2,179 ","2,046 ","6,566 ","3,244 ","3,322 ",,,,,,,,,,,
 10세 ," 12,809 "," 6,512 "," 6,297 ","2,600 ","1,336 ","1,264 ","5,365 ","2,679 ","2,686 ","4,844 ","2,497 ","2,347 ",353,176,177,263,131,132,207,108,99,304,170,134,54,24,30,32,16,16,196,95,101,217,111,106,458,247,211,406,198,208,110,60,50,356,176,180,397,204,193,157,65,92,344,179,165,125,64,61,449,226,223,238,112,126,334,171,163,456,217,239,317,161,156,592,289,303,429,216,213,361,193,168,282,128,154,528,278,250,302,156,146,658,342,316,595,313,282,700,351,349,138,78,60,611,308,303,613,309,304,477,253,224,750,387,363,,,,,,,,,,,
 11세 ," 11,878 "," 6,092 "," 5,786 ","2,406 ","1,207 ","1,199 ","5,030 ","2,630 ","2,400 ","4,442 ","2,255 ","2,187 ",312,147,165,252,130,122,148,74,74,288,149,139,69,35,34,44,21,23,173,95,78,202,98,104,446,223,223,375,188,187,97,47,50,313,179,134,356,201,155,109,61,48,306,145,161,117,49,68,435,223,212,247,127,120,293,148,145,475,257,218,307,159,148,541,285,256,475,244,231,333,165,168,241,121,120,482,266,216,324,179,145,585,307,278,514,258,256,679,343,336,134,73,61,549,289,260,591,290,301,370,201,169,696,315,381,,,,,,,,,,,
 12세 ," 12,124 "," 6,180 "," 5,944 ","2,413 ","1,280 ","1,133 ","5,094 ","2,548 ","2,546 ","4,617 ","2,352 ","2,265 ",326,183,143,252,134,118,183,94,89,265,135,130,38,28,10,42,22,20,166,94,72,209,112,97,440,219,221,395,207,188,97,52,45,331,144,187,375,199,176,114,49,65,279,142,137,117,48,69,443,230,213,204,98,106,268,146,122,484,256,228,292,141,151,620,311,309,488,248,240,356,177,179,258,127,131,465,232,233,333,174,159,607,318,289,514,251,263,654,338,316,152,85,67,596,305,291,664,335,329,441,229,212,656,317,339,,,,,,,,,,,
 13세 ," 13,142 "," 6,781 "," 6,361 ","2,645 ","1,342 ","1,303 ","5,499 ","2,893 ","2,606 ","4,998 ","2,546 ","2,452 ",372,198,174,278,146,132,193,106,87,286,139,147,65,33,32,47,25,22,167,96,71,219,101,118,436,201,235,474,238,236,108,59,49,370,202,168,388,213,175,113,61,52,322,174,148,131,70,61,469,250,219,244,121,123,273,137,136,538,269,269,288,150,138,645,336,309,573,299,274,352,192,160,300,160,140,493,259,234,383,189,194,629,326,303,609,316,293,766,392,374,144,70,74,571,302,269,678,352,326,468,244,224,750,355,395,,,,,,,,,,,
 14세 ," 12,426 "," 6,302 "," 6,124 ","2,479 ","1,277 ","1,202 ","5,279 ","2,675 ","2,604 ","4,668 ","2,350 ","2,318 ",393,202,191,224,123,101,176,84,92,209,96,113,57,27,30,39,19,20,188,99,89,194,101,93,451,244,207,450,227,223,98,55,43,358,174,184,397,203,194,119,60,59,317,161,156,105,55,50,458,226,232,234,120,114,234,118,116,512,268,244,317,160,157,613,311,302,515,258,257,337,180,157,275,150,125,488,231,257,348,178,170,564,290,274,574,308,266,740,349,391,146,68,78,549,285,264,610,316,294,442,220,222,695,336,359,,,,,,,,,,,
 15세 ," 11,253 "," 5,881 "," 5,372 ","2,244 ","1,201 ","1,043 ","4,724 ","2,499 ","2,225 ","4,285 ","2,181 ","2,104 ",374,219,155,225,126,99,167,88,79,165,74,91,49,29,20,36,19,17,141,69,72,201,105,96,361,179,182,421,235,186,104,58,46,291,162,129,337,175,162,131,68,63,287,155,132,112,65,47,432,215,217,175,96,79,205,96,109,474,261,213,296,153,143,528,271,257,442,245,197,295,141,154,278,157,121,441,239,202,356,185,171,502,261,241,507,274,233,662,320,342,148,76,72,506,252,254,596,308,288,387,186,201,621,319,302,,,,,,,,,,,
 16세 ," 11,333 "," 5,786 "," 5,547 ","2,248 ","1,173 ","1,075 ","4,769 ","2,435 ","2,334 ","4,316 ","2,178 ","2,138 ",353,191,162,208,108,100,178,101,77,137,66,71,46,23,23,41,24,17,138,69,69,217,111,106,412,206,206,411,211,200,107,63,44,339,196,143,349,167,182,90,44,46,315,159,156,125,58,67,395,224,171,197,104,93,218,100,118,487,233,254,287,143,144,551,284,267,461,226,235,275,141,134,295,153,142,385,203,182,381,197,184,507,230,277,507,261,246,662,352,310,158,79,79,497,248,249,592,298,294,395,199,196,617,314,303,,,,,,,,,,,
 17세 ," 11,820 "," 5,974 "," 5,846 ","2,315 ","1,210 ","1,105 ","5,000 ","2,504 ","2,496 ","4,505 ","2,260 ","2,245 ",325,170,155,223,113,110,176,101,75,125,60,65,38,23,15,42,29,13,177,97,80,230,114,116,427,217,210,413,213,200,139,73,66,414,200,214,331,166,165,125,66,59,343,166,177,147,73,74,428,196,232,226,129,97,205,101,104,478,254,224,313,159,154,587,283,304,469,240,229,246,129,117,272,131,141,416,211,205,400,199,201,568,307,261,532,249,283,730,364,366,173,85,88,497,253,244,576,285,291,424,218,206,605,300,305,,,,,,,,,,,
 18세 ," 12,117 "," 6,398 "," 5,719 ","3,214 ","1,802 ","1,412 ","4,644 ","2,443 ","2,201 ","4,259 ","2,153 ","2,106 ",439,241,198,239,132,107,184,89,95,99,54,45,70,30,40,252,159,93,656,429,227,222,121,101,450,214,236,483,265,218,120,68,52,337,161,176,311,159,152,118,67,51,385,215,170,138,78,60,393,213,180,189,107,82,235,129,106,413,207,206,326,181,145,504,250,254,406,225,181,247,118,129,265,142,123,377,191,186,385,200,185,538,270,268,487,248,239,644,324,320,165,79,86,475,253,222,604,302,302,382,201,181,579,276,303,,,,,,,,,,,
 19세 ," 13,068 "," 6,909 "," 6,159 ","3,569 ","2,010 ","1,559 ","5,028 ","2,567 ","2,461 ","4,471 ","2,332 ","2,139 ",474,274,200,255,119,136,168,80,88,104,51,53,76,33,43,275,178,97,771,514,257,286,141,145,547,300,247,484,244,240,129,76,53,419,230,189,340,161,179,161,90,71,436,209,227,146,74,72,411,217,194,222,119,103,282,129,153,436,228,208,317,187,130,514,235,279,391,194,197,207,103,104,308,167,141,438,224,214,414,210,204,532,272,260,471,260,211,697,361,336,208,116,92,511,270,241,602,290,312,439,228,211,597,325,272,,,,,,,,,,,
 20대 ," 138,327 "," 71,866 "," 66,461 "," 34,770 "," 18,901 "," 15,869 "," 56,930 "," 29,607 "," 27,323 "," 46,627 "," 23,358 "," 23,269 "," 4,790 "," 2,678 "," 2,112 "," 3,481 "," 1,925 "," 1,556 "," 2,175 "," 1,220 ", 955 ," 1,867 "," 1,002 ", 865 , 724 , 404 , 320 , 909 , 554 , 355 ," 2,490 "," 1,436 "," 1,054 "," 4,414 "," 2,324 "," 2,090 "," 7,163 "," 3,686 "," 3,477 "," 4,921 "," 2,651 "," 2,270 "," 1,836 "," 1,021 ", 815 ," 5,044 "," 2,523 "," 2,521 "," 3,825 "," 1,992 "," 1,833 "," 2,467 "," 1,305 "," 1,162 "," 6,625 "," 3,262 "," 3,363 "," 1,956 "," 1,046 ", 910 ," 4,040 "," 2,083 "," 1,957 "," 2,573 "," 1,381 "," 1,192 "," 5,244 "," 3,092 "," 2,152 "," 4,377 "," 2,282 "," 2,095 "," 4,088 "," 2,103 "," 1,985 "," 3,604 "," 1,816 "," 1,788 "," 3,247 "," 1,680 "," 1,567 "," 2,213 "," 1,102 "," 1,111 "," 3,430 "," 1,778 "," 1,652 "," 4,197 "," 2,162 "," 2,035 "," 5,362 "," 2,753 "," 2,609 "," 4,943 "," 2,460 "," 2,483 "," 4,084 "," 2,105 "," 1,979 "," 7,969 "," 3,938 "," 4,031 "," 2,758 "," 1,409 "," 1,349 "," 5,550 "," 2,783 "," 2,767 "," 6,307 "," 3,042 "," 3,265 "," 3,844 "," 1,933 "," 1,911 "," 5,810 "," 2,935 "," 2,875 ",,,,,,,,,,,
 20세 ," 14,005 "," 7,157 "," 6,848 ","3,315 ","1,743 ","1,572 ","5,827 ","2,994 ","2,833 ","4,863 ","2,420 ","2,443 ",491,262,229,306,146,160,213,110,103,143,73,70,69,34,35,122,67,55,295,175,120,329,158,171,613,308,305,544,309,235,190,101,89,443,229,214,340,174,166,209,114,95,561,268,293,160,82,78,467,245,222,255,137,118,451,216,235,517,268,249,344,170,174,533,283,250,433,231,202,252,135,117,374,206,168,488,236,252,441,215,226,568,283,285,505,259,246,843,398,445,208,113,95,545,267,278,646,328,318,441,236,205,666,321,345,,,,,,,,,,,
 21세 ," 14,301 "," 7,338 "," 6,963 ","3,452 ","1,850 ","1,602 ","5,984 ","3,051 ","2,933 ","4,865 ","2,437 ","2,428 ",489,272,217,369,201,168,213,123,90,137,80,57,65,28,37,92,50,42,240,151,89,403,193,210,729,354,375,539,303,236,176,95,81,490,237,253,406,219,187,190,108,82,603,297,306,180,98,82,457,220,237,244,134,110,537,274,263,523,283,240,417,193,224,461,237,224,402,212,190,250,124,126,378,203,175,446,212,234,452,239,213,537,261,276,509,257,252,866,411,455,234,127,107,552,285,267,641,318,323,427,218,209,647,321,326,,,,,,,,,,,
 22세 ," 13,763 "," 7,041 "," 6,722 ","3,381 ","1,767 ","1,614 ","5,760 ","2,962 ","2,798 ","4,622 ","2,312 ","2,310 ",462,236,226,356,181,175,195,100,95,168,97,71,59,36,23,77,55,22,224,127,97,405,186,219,773,364,409,494,287,207,168,98,70,446,229,217,362,173,189,195,94,101,635,309,326,158,88,70,442,232,210,232,128,104,622,348,274,444,229,215,392,189,203,455,235,220,369,204,165,223,120,103,360,175,185,425,209,216,422,194,228,503,250,253,433,233,200,900,420,480,223,114,109,515,262,253,571,298,273,414,218,196,641,323,318,,,,,,,,,,,
 23세 ," 14,091 "," 7,252 "," 6,839 ","3,506 ","1,852 ","1,654 ","5,865 ","2,986 ","2,879 ","4,720 ","2,414 ","2,306 ",487,251,236,362,196,166,224,135,89,167,87,80,69,38,31,78,49,29,203,117,86,460,227,233,788,394,394,486,257,229,182,101,81,516,262,254,393,209,184,229,118,111,681,314,367,176,101,75,425,224,201,233,131,102,538,308,230,426,218,208,454,229,225,399,195,204,399,190,209,211,97,114,371,176,195,414,214,200,468,247,221,496,266,230,409,227,182,873,434,439,237,114,123,542,267,275,666,335,331,421,206,215,608,318,290,,,,,,,,,,,
 24세 ," 13,919 "," 7,212 "," 6,707 ","3,623 ","1,975 ","1,648 ","5,663 ","2,922 ","2,741 ","4,633 ","2,315 ","2,318 ",519,295,224,366,212,154,220,120,100,157,84,73,90,58,32,91,47,44,222,127,95,502,268,234,745,393,352,509,267,242,202,104,98,519,261,258,375,200,175,226,124,102,658,340,318,200,104,96,345,167,178,242,116,126,529,326,203,440,220,220,400,199,201,365,175,190,342,172,170,202,101,101,355,178,177,465,239,226,493,239,254,487,241,246,423,227,196,861,436,425,244,131,113,541,275,266,595,271,324,391,195,196,598,300,298,,,,,,,,,,,
 25세 ," 14,063 "," 7,340 "," 6,723 ","3,657 ","2,040 ","1,617 ","5,778 ","2,985 ","2,793 ","4,628 ","2,315 ","2,313 ",527,298,229,395,245,150,204,127,77,170,95,75,75,39,36,102,63,39,262,144,118,511,284,227,706,388,318,509,248,261,196,109,87,477,246,231,414,192,222,265,132,133,736,349,387,194,101,93,403,214,189,279,152,127,528,334,194,445,232,213,439,236,203,335,152,183,308,154,154,203,92,111,338,178,160,414,221,193,516,263,253,495,234,261,406,199,207,764,412,352,310,159,151,537,270,267,640,286,354,390,192,198,570,300,270,,,,,,,,,,,
 26세 ," 13,660 "," 7,275 "," 6,385 ","3,383 ","1,906 ","1,477 ","5,689 ","3,052 ","2,637 ","4,588 ","2,317 ","2,271 ",470,272,198,314,175,139,207,116,91,183,102,81,81,55,26,85,49,36,243,126,117,470,266,204,695,376,319,441,264,177,194,105,89,516,267,249,376,198,178,282,149,133,710,366,344,209,109,100,402,209,193,254,135,119,525,339,186,421,216,205,463,249,214,286,142,144,284,151,133,227,120,107,324,183,141,410,219,191,568,308,260,447,231,216,392,183,209,788,413,375,313,154,159,559,270,289,628,301,327,344,168,176,549,289,260,,,,,,,,,,,
 27세 ," 13,540 "," 7,145 "," 6,395 ","3,522 ","1,953 ","1,569 ","5,511 ","2,921 ","2,590 ","4,507 ","2,271 ","2,236 ",483,288,195,349,194,155,250,157,93,223,116,107,70,43,27,93,67,26,259,138,121,458,259,199,711,363,348,458,237,221,168,91,77,517,253,264,376,189,187,282,157,125,676,325,351,208,114,94,362,179,183,258,129,129,528,340,188,398,217,181,407,215,192,295,151,144,254,129,125,218,117,101,334,184,150,398,222,176,629,335,294,453,220,233,354,180,174,678,348,330,312,166,146,574,297,277,628,291,337,340,166,174,539,268,271,,,,,,,,,,,
 28세 ," 13,590 "," 7,144 "," 6,446 ","3,497 ","1,888 ","1,609 ","5,528 ","2,958 ","2,570 ","4,565 ","2,298 ","2,267 ",456,264,192,347,188,159,219,106,113,240,126,114,72,35,37,82,54,28,281,168,113,415,216,199,719,385,334,479,231,248,187,115,72,548,252,296,373,213,160,290,148,142,666,350,316,244,126,118,386,219,167,288,155,133,521,329,192,398,217,181,388,216,172,252,137,115,248,121,127,213,100,113,321,166,155,392,209,183,656,350,306,467,229,238,327,175,152,730,352,378,344,175,169,565,287,278,638,306,332,346,163,183,492,261,231,,,,,,,,,,,
 29세 ," 13,395 "," 6,962 "," 6,433 ","3,434 ","1,927 ","1,507 ","5,325 ","2,776 ","2,549 ","4,636 ","2,259 ","2,377 ",406,240,166,317,187,130,230,126,104,279,142,137,74,38,36,87,53,34,261,163,98,461,267,194,684,361,323,462,248,214,173,102,71,572,287,285,410,225,185,299,161,138,699,344,355,227,123,104,351,174,177,288,164,124,465,278,187,365,182,183,384,207,177,223,109,114,208,116,92,214,96,118,275,129,146,345,181,164,717,363,354,490,245,245,326,165,161,666,314,352,333,156,177,620,303,317,654,308,346,330,171,159,500,234,266,,,,,,,,,,,
 30대 ," 142,636 "," 70,479 "," 72,157 "," 33,810 "," 17,954 "," 15,856 "," 57,815 "," 28,271 "," 29,544 "," 51,011 "," 24,254 "," 26,757 "," 3,919 "," 2,134 "," 1,785 "," 3,072 "," 1,613 "," 1,459 "," 2,354 "," 1,310 "," 1,044 "," 4,102 "," 2,033 "," 2,069 ", 719 , 418 , 301 , 743 , 449 , 294 ," 2,436 "," 1,391 "," 1,045 "," 3,207 "," 1,759 "," 1,448 "," 7,376 "," 3,762 "," 3,614 "," 4,481 "," 2,287 "," 2,194 "," 1,401 ", 798 , 603 ," 6,074 "," 3,153 "," 2,921 "," 4,539 "," 2,245 "," 2,294 "," 3,164 "," 1,594 "," 1,570 "," 7,632 "," 3,806 "," 3,826 "," 1,884 "," 1,033 ", 851 ," 3,753 "," 1,838 "," 1,915 "," 2,781 "," 1,387 "," 1,394 "," 4,482 "," 2,252 "," 2,230 "," 4,075 "," 1,968 "," 2,107 "," 3,997 "," 1,951 "," 2,046 "," 3,314 "," 1,492 "," 1,822 "," 2,325 ", 994 ," 1,331 "," 3,013 "," 1,369 "," 1,644 "," 2,755 "," 1,321 "," 1,434 "," 4,027 "," 1,868 "," 2,159 "," 6,228 "," 3,317 "," 2,911 "," 6,100 "," 2,852 "," 3,248 "," 3,934 "," 1,795 "," 2,139 "," 6,891 "," 3,247 "," 3,644 "," 3,214 "," 1,642 "," 1,572 "," 7,725 "," 3,619 "," 4,106 "," 6,687 "," 3,159 "," 3,528 "," 4,118 "," 1,944 "," 2,174 "," 6,114 "," 2,679 "," 3,435 ",,,,,,,,,,,
 30세 ," 12,337 "," 6,238 "," 6,099 ","3,158 ","1,758 ","1,400 ","4,972 ","2,463 ","2,509 ","4,207 ","2,017 ","2,190 ",360,228,132,302,162,140,186,121,65,296,142,154,69,38,31,67,45,22,277,169,108,368,203,165,650,330,320,401,211,190,182,109,73,563,276,287,358,200,158,274,123,151,687,319,368,208,113,95,320,143,177,290,150,140,394,225,169,341,184,157,326,157,169,246,122,124,178,85,93,211,79,132,248,123,125,328,164,164,663,346,317,448,196,252,299,139,160,603,290,313,313,165,148,586,286,300,574,265,309,293,129,164,428,201,227,,,,,,,,,,,
 31세 ," 12,237 "," 6,154 "," 6,083 ","3,009 ","1,654 ","1,355 ","4,976 ","2,442 ","2,534 ","4,252 ","2,058 ","2,194 ",366,201,165,241,134,107,210,126,84,311,151,160,71,49,22,80,53,27,232,139,93,318,185,133,651,348,303,401,186,215,128,82,46,593,287,306,379,196,183,310,162,148,633,308,325,179,92,87,326,173,153,219,108,111,412,206,206,337,166,171,369,179,190,225,113,112,160,71,89,217,108,109,277,122,155,340,151,189,667,348,319,486,236,250,300,155,145,620,296,324,290,140,150,585,284,301,572,261,311,306,144,162,426,194,232,,,,,,,,,,,
 32세 ," 12,385 "," 6,206 "," 6,179 ","3,016 ","1,640 ","1,376 ","4,944 ","2,475 ","2,469 ","4,425 ","2,091 ","2,334 ",318,174,144,281,161,120,220,126,94,331,173,158,59,38,21,71,43,28,229,142,87,297,176,121,697,329,368,382,205,177,131,73,58,569,298,271,384,208,176,309,148,161,696,336,360,173,100,73,274,137,137,232,127,105,389,194,195,319,143,176,386,195,191,243,115,128,166,76,90,223,108,115,248,128,120,333,162,171,676,348,328,535,249,286,306,148,158,597,292,305,357,173,184,642,303,339,551,254,297,334,146,188,427,178,249,,,,,,,,,,,
 33세 ," 12,199 "," 5,972 "," 6,227 ","2,810 ","1,451 ","1,359 ","4,929 ","2,392 ","2,537 ","4,460 ","2,129 ","2,331 ",354,191,163,234,110,124,220,124,96,337,159,178,70,36,34,69,39,30,203,118,85,278,154,124,621,304,317,301,144,157,123,72,51,609,320,289,409,195,214,286,137,149,710,334,376,180,97,83,263,126,137,245,132,113,406,189,217,322,171,151,352,178,174,234,102,132,147,63,84,233,104,129,242,117,125,291,127,164,653,350,303,544,254,290,320,153,167,576,282,294,287,143,144,645,285,360,585,270,315,367,177,190,483,215,268,,,,,,,,,,,
 34세 ," 13,008 "," 6,375 "," 6,633 ","3,092 ","1,631 ","1,461 ","5,108 ","2,496 ","2,612 ","4,808 ","2,248 ","2,560 ",375,200,175,265,146,119,199,102,97,375,181,194,59,34,25,61,31,30,239,132,107,307,164,143,683,371,312,393,187,206,136,83,53,579,295,284,415,201,214,302,142,160,726,346,380,189,98,91,341,156,185,227,113,114,398,197,201,349,163,186,304,175,129,268,122,146,191,86,105,244,118,126,217,114,103,358,170,188,657,356,301,575,277,298,339,156,183,673,325,348,337,167,170,694,297,397,610,297,313,388,165,223,535,208,327,,,,,,,,,,,
 35세 ," 13,613 "," 6,767 "," 6,846 ","3,182 ","1,714 ","1,468 ","5,505 ","2,750 ","2,755 ","4,926 ","2,303 ","2,623 ",360,207,153,295,154,141,231,140,91,390,194,196,56,30,26,56,31,25,215,128,87,309,167,142,708,358,350,431,229,202,131,76,55,567,317,250,425,204,221,316,168,148,772,395,377,162,86,76,344,183,161,249,129,120,474,224,250,386,197,189,365,196,169,290,129,161,208,90,118,320,146,174,266,119,147,361,167,194,588,322,266,594,294,300,357,146,211,650,295,355,329,164,165,805,352,453,621,290,331,407,194,213,575,246,329,,,,,,,,,,,
 36세 ," 14,075 "," 6,901 "," 7,174 ","3,288 ","1,755 ","1,533 ","5,665 ","2,763 ","2,902 ","5,122 ","2,383 ","2,739 ",357,204,153,294,155,139,255,147,108,429,224,205,72,46,26,74,39,35,212,114,98,297,169,128,716,367,349,463,234,229,119,56,63,587,302,285,432,212,220,337,182,155,760,391,369,193,105,88,351,164,187,265,124,141,423,218,205,429,203,226,385,182,203,317,142,175,235,96,139,309,132,177,264,133,131,378,177,201,545,274,271,641,309,332,438,200,238,645,269,376,312,154,158,815,387,428,662,326,336,404,203,201,660,261,399,,,,,,,,,,,
 37세 ," 15,667 "," 7,671 "," 7,996 ","3,641 ","1,890 ","1,751 ","6,369 ","3,080 ","3,289 ","5,657 ","2,701 ","2,956 ",435,228,207,324,146,178,250,122,128,489,245,244,76,41,35,79,45,34,238,134,104,330,188,142,814,416,398,476,252,224,130,73,57,646,334,312,536,235,301,336,179,157,812,424,388,196,112,84,430,206,224,310,151,159,419,230,189,462,220,242,425,196,229,403,171,232,287,110,177,338,160,178,290,145,145,479,207,272,574,335,239,643,283,360,450,199,251,749,356,393,311,172,139,895,408,487,802,379,423,459,218,241,774,351,423,,,,,,,,,,,
 38세 ," 17,761 "," 8,737 "," 9,024 ","4,222 ","2,182 ","2,040 ","7,290 ","3,546 ","3,744 ","6,249 ","3,009 ","3,240 ",478,243,235,403,208,195,280,148,132,572,270,302,96,55,41,91,67,24,290,148,142,347,165,182,905,476,429,602,321,281,158,81,77,691,381,310,558,293,265,346,172,174,916,464,452,195,109,86,525,261,264,338,151,187,563,271,292,517,249,268,534,254,280,477,209,268,307,138,169,440,193,247,330,153,177,553,248,305,621,320,301,762,357,405,525,231,294,834,395,439,321,167,154,"1,036",531,505,772,369,403,524,252,272,854,387,467,,,,,,,,,,,
 39세 ," 19,354 "," 9,458 "," 9,896 ","4,392 ","2,279 ","2,113 ","8,057 ","3,864 ","4,193 ","6,905 ","3,315 ","3,590 ",516,258,258,433,237,196,303,154,149,572,294,278,91,51,40,95,56,39,301,167,134,356,188,168,931,463,468,631,318,313,163,93,70,670,343,327,643,301,342,348,181,167,920,489,431,209,121,88,579,289,290,406,202,204,604,298,306,613,272,341,551,239,312,611,267,344,446,179,267,478,221,257,373,167,206,606,295,311,584,318,266,872,397,475,600,268,332,944,447,497,357,197,160,"1,022",486,536,938,448,490,636,316,320,952,438,514,,,,,,,,,,,
 40대 ," 198,690 "," 97,983 "," 100,707 "," 43,590 "," 22,961 "," 20,629 "," 82,847 "," 40,497 "," 42,350 "," 72,253 "," 34,525 "," 37,728 "," 5,956 "," 3,105 "," 2,851 "," 4,519 "," 2,433 "," 2,086 "," 3,317 "," 1,802 "," 1,515 "," 4,302 "," 2,336 "," 1,966 "," 1,063 ", 583 , 480 , 989 , 605 , 384 ," 3,123 "," 1,728 "," 1,395 "," 3,865 "," 2,020 "," 1,845 "," 7,748 "," 3,947 "," 3,801 "," 6,762 "," 3,393 "," 3,369 "," 1,946 "," 1,009 ", 937 ," 6,551 "," 3,294 "," 3,257 "," 5,934 "," 2,930 "," 3,004 "," 2,723 "," 1,373 "," 1,350 "," 7,092 "," 3,640 "," 3,452 "," 2,342 "," 1,210 "," 1,132 "," 6,420 "," 3,167 "," 3,253 "," 3,864 "," 1,952 "," 1,912 "," 4,488 "," 2,314 "," 2,174 "," 7,589 "," 3,648 "," 3,941 "," 5,335 "," 2,576 "," 2,759 "," 7,788 "," 3,650 "," 4,138 "," 6,157 "," 2,810 "," 3,347 "," 4,949 "," 2,431 "," 2,518 "," 4,357 "," 2,089 "," 2,268 "," 7,258 "," 3,413 "," 3,845 "," 5,985 "," 2,919 "," 3,066 "," 8,845 "," 4,305 "," 4,540 "," 7,853 "," 3,621 "," 4,232 "," 10,647 "," 5,067 "," 5,580 "," 3,011 "," 1,485 "," 1,526 "," 9,591 "," 4,723 "," 4,868 "," 9,323 "," 4,439 "," 4,884 "," 6,446 "," 3,056 "," 3,390 "," 10,552 "," 4,910 "," 5,642 ",,,,,,,,,,,
 40세 ," 19,969 "," 9,768 "," 10,201 ","4,391 ","2,272 ","2,119 ","8,393 ","4,101 ","4,292 ","7,185 ","3,395 ","3,790 ",522,273,249,471,236,235,273,150,123,608,296,312,101,50,51,80,58,22,280,160,120,353,182,171,917,470,447,607,301,306,179,96,83,684,358,326,652,325,327,360,196,164,871,471,400,240,128,112,585,265,320,408,210,198,553,301,252,671,310,361,574,277,297,668,283,385,530,234,296,503,236,267,411,203,208,683,304,379,584,300,284,880,439,441,664,304,360,998,461,537,315,163,152,"1,084",522,562,968,453,515,630,280,350,1062,473,589,,,,,,,,,,,
 41세 ," 20,262 "," 9,803 "," 10,459 ","4,483 ","2,357 ","2,126 ","8,514 ","4,079 ","4,435 ","7,265 ","3,367 ","3,898 ",566,280,286,448,242,206,357,191,166,545,288,257,115,57,58,82,52,30,335,182,153,369,200,169,854,457,397,643,321,322,169,87,82,709,356,353,622,297,325,314,163,151,813,425,388,205,110,95,636,314,322,434,202,232,554,291,263,698,310,388,553,272,281,766,341,425,548,229,319,518,248,270,407,207,200,737,314,423,581,289,292,902,432,470,674,283,391,"1,008",448,560,324,158,166,"1,068",522,546,938,426,512,679,325,354,"1,091",484,607,,,,,,,,,,,
 42세 ," 18,641 "," 9,084 "," 9,557 ","4,153 ","2,187 ","1,966 ","7,672 ","3,725 ","3,947 ","6,816 ","3,172 ","3,644 ",568,296,272,403,217,186,305,160,145,505,269,236,102,56,46,84,50,34,306,161,145,353,171,182,780,397,383,593,323,270,154,87,67,579,300,279,596,295,301,252,136,116,710,393,317,212,113,99,592,282,310,345,175,170,468,242,226,658,301,357,465,240,225,716,314,402,563,238,325,479,211,268,339,165,174,698,320,378,542,272,270,864,389,475,705,302,403,991,442,549,293,159,134,928,465,463,865,435,430,614,265,349,1014,443,571,,,,,,,,,,,
 43세 ," 18,559 "," 9,054 "," 9,505 ","4,013 ","2,101 ","1,912 ","7,796 ","3,775 ","4,021 ","6,750 ","3,178 ","3,572 ",538,263,275,420,234,186,320,158,162,451,236,215,82,41,41,85,52,33,279,157,122,349,194,155,719,391,328,616,303,313,154,72,82,605,310,295,523,240,283,257,136,121,687,353,334,194,95,99,602,301,301,358,189,169,476,248,228,663,302,361,502,233,269,779,368,411,603,273,330,534,251,283,371,174,197,642,302,340,519,242,277,816,418,398,709,314,395,"1,009",503,506,276,129,147,931,441,490,866,385,481,600,292,308,1024,454,570,,,,,,,,,,,
 44세 ," 18,923 "," 9,299 "," 9,624 ","4,053 ","2,159 ","1,894 ","7,807 ","3,819 ","3,988 ","7,063 ","3,321 ","3,742 ",563,284,279,427,232,195,319,177,142,416,231,185,109,66,43,84,53,31,298,167,131,338,186,152,679,364,315,627,303,324,193,96,97,611,315,296,571,287,284,234,119,115,590,306,284,236,118,118,594,285,309,399,202,197,430,225,205,696,352,344,459,224,235,779,364,415,617,288,329,497,229,268,383,168,215,711,337,374,561,276,285,858,403,455,799,338,461,996,491,505,284,151,133,968,467,501,931,419,512,642,300,342,"1,024",476,548,,,,,,,,,,,
 45세 ," 19,002 "," 9,362 "," 9,640 ","4,085 ","2,130 ","1,955 ","7,888 ","3,866 ","4,022 ","7,029 ","3,366 ","3,663 ",580,283,297,439,247,192,289,166,123,385,220,165,82,50,32,91,58,33,266,144,122,391,189,202,709,351,358,674,319,355,179,103,76,600,303,297,582,295,287,251,126,125,627,329,298,231,118,113,626,322,304,344,175,169,436,207,229,752,360,392,494,230,264,730,348,382,620,269,351,467,234,233,418,199,219,710,351,359,548,251,297,908,458,450,826,374,452,"1,025",477,548,295,140,155,865,432,433,897,425,472,638,306,332,"1,027",503,524,,,,,,,,,,,
 46세 ," 19,911 "," 9,911 "," 10,000 ","4,403 ","2,353 ","2,050 ","8,227 ","4,018 ","4,209 ","7,281 ","3,540 ","3,741 ",633,348,285,456,239,217,330,187,143,375,227,148,92,53,39,112,66,46,331,194,137,426,226,200,741,358,383,689,345,344,218,110,108,610,283,327,554,288,266,245,116,129,654,335,319,227,123,104,677,329,348,359,184,175,381,207,174,810,383,427,505,254,251,848,380,468,659,289,370,517,275,242,445,224,221,736,348,388,616,301,315,922,451,471,874,434,440,"1,122",524,598,296,141,155,898,450,448,927,458,469,628,307,321,998,474,524,,,,,,,,,,,
 47세 ," 21,359 "," 10,593 "," 10,766 ","4,700 ","2,524 ","2,176 ","8,911 ","4,352 ","4,559 ","7,748 ","3,717 ","4,031 ",678,371,307,487,241,246,375,211,164,366,208,158,124,76,48,119,75,44,344,188,156,434,244,190,811,399,412,734,381,353,228,130,98,744,374,370,626,293,333,248,120,128,684,328,356,247,106,141,713,355,358,443,213,230,399,204,195,879,422,457,610,290,320,863,427,436,665,351,314,511,263,248,488,235,253,791,371,420,706,328,378,912,443,469,904,417,487,"1,173",574,599,304,136,168,955,466,489,990,491,499,685,342,343,"1,119",520,599,,,,,,,,,,,
 48세 ," 20,962 "," 10,444 "," 10,518 ","4,746 ","2,475 ","2,271 ","8,857 ","4,359 ","4,498 ","7,359 ","3,610 ","3,749 ",654,358,296,511,280,231,407,223,184,349,191,158,132,67,65,116,64,52,342,173,169,424,219,205,771,370,401,812,421,391,228,109,119,739,358,381,565,284,281,269,123,146,723,342,381,279,151,128,717,364,353,381,191,190,409,209,200,877,439,438,606,286,320,852,423,429,654,300,354,454,239,215,529,249,280,803,401,402,634,299,335,894,441,453,818,427,391,"1,100",530,570,316,159,157,934,459,475,920,441,479,672,327,345,"1,071",527,544,,,,,,,,,,,
 49세 ," 21,102 "," 10,665 "," 10,437 ","4,563 ","2,403 ","2,160 ","8,782 ","4,403 ","4,379 ","7,757 ","3,859 ","3,898 ",654,349,305,457,265,192,342,179,163,302,170,132,124,67,57,136,77,59,342,202,140,428,209,219,767,390,377,767,376,391,244,119,125,670,337,333,643,326,317,293,138,155,733,358,375,271,148,123,678,350,328,393,211,182,382,180,202,885,469,416,567,270,297,787,402,385,698,339,359,469,245,224,566,265,301,747,365,382,694,361,333,889,431,458,880,428,452,"1,225",617,608,308,149,159,960,499,461,"1,021",506,515,658,312,346,"1,122",556,566,,,,,,,,,,,
 50대 ," 167,877 "," 85,346 "," 82,531 "," 43,506 "," 22,480 "," 21,026 "," 67,924 "," 34,277 "," 33,647 "," 56,447 "," 28,589 "," 27,858 "," 5,966 "," 3,157 "," 2,809 "," 4,761 "," 2,574 "," 2,187 "," 3,715 "," 1,931 "," 1,784 "," 3,059 "," 1,534 "," 1,525 "," 1,576 ", 832 , 744 ," 1,557 ", 875 , 682 ," 3,417 "," 1,802 "," 1,615 "," 4,217 "," 2,124 "," 2,093 "," 6,443 "," 3,145 "," 3,298 "," 6,251 "," 3,229 "," 3,022 "," 2,544 "," 1,277 "," 1,267 "," 6,165 "," 3,116 "," 3,049 "," 4,931 "," 2,496 "," 2,435 "," 2,807 "," 1,334 "," 1,473 "," 6,603 "," 3,324 "," 3,279 "," 2,282 "," 1,225 "," 1,057 "," 5,301 "," 2,678 "," 2,623 "," 3,538 "," 1,735 "," 1,803 "," 3,221 "," 1,565 "," 1,656 "," 5,953 "," 2,933 "," 3,020 "," 5,156 "," 2,502 "," 2,654 "," 4,870 "," 2,587 "," 2,283 "," 4,413 "," 2,397 "," 2,016 "," 2,743 "," 1,385 "," 1,358 "," 4,515 "," 2,214 "," 2,301 "," 5,426 "," 2,786 "," 2,640 "," 5,447 "," 2,745 "," 2,702 "," 5,870 "," 3,104 "," 2,766 "," 5,839 "," 3,015 "," 2,824 "," 8,921 "," 4,422 "," 4,499 "," 2,873 "," 1,399 "," 1,474 "," 7,182 "," 3,638 "," 3,544 "," 7,111 "," 3,587 "," 3,524 "," 5,150 "," 2,570 "," 2,580 "," 8,054 "," 4,109 "," 3,945 ",,,,,,,,,,,
 50세 ," 21,511 "," 10,894 "," 10,617 ","4,812 ","2,509 ","2,303 ","8,989 ","4,509 ","4,480 ","7,710 ","3,876 ","3,834 ",754,393,361,523,277,246,370,210,160,303,150,153,130,79,51,133,82,51,330,178,152,442,238,204,784,375,409,776,386,390,267,141,126,741,377,364,677,314,363,315,158,157,767,365,402,254,138,116,724,348,376,396,201,195,365,191,174,838,422,416,646,312,334,826,441,385,719,389,330,410,212,198,560,269,291,751,372,379,683,343,340,874,461,413,836,440,396,"1,251",617,634,325,141,184,965,493,472,966,439,527,713,358,355,"1,097",584,513,,,,,,,,,,,
 51세 ," 19,952 "," 10,116 "," 9,836 ","4,587 ","2,355 ","2,232 ","8,284 ","4,202 ","4,082 ","7,081 ","3,559 ","3,522 ",651,325,326,491,252,239,357,197,160,329,176,153,131,73,58,120,69,51,364,185,179,446,221,225,745,388,357,713,351,362,240,118,122,666,351,315,625,342,283,287,130,157,773,373,400,274,152,122,638,325,313,392,189,203,340,178,162,738,381,357,572,269,303,700,332,368,631,330,301,375,205,170,522,252,270,751,393,358,642,332,310,805,435,370,778,386,392,"1,095",539,556,330,163,167,886,431,455,917,464,453,648,316,332,980,493,487,,,,,,,,,,,
 52세 ," 19,843 "," 9,939 "," 9,904 ","4,872 ","2,482 ","2,390 ","8,054 ","4,011 ","4,043 ","6,917 ","3,446 ","3,471 ",708,365,343,538,292,246,386,192,194,320,154,166,149,81,68,148,88,60,359,190,169,453,220,233,809,384,425,730,390,340,272,126,146,737,367,370,576,280,296,334,152,182,759,376,383,312,172,140,631,332,299,376,197,179,356,165,191,691,341,350,567,238,329,653,339,314,564,302,262,320,182,138,528,246,282,650,322,328,616,298,318,734,383,351,729,388,341,"1,068",506,562,344,159,185,920,475,445,916,453,463,639,315,324,951,469,482,,,,,,,,,,,
 53세 ," 17,399 "," 8,726 "," 8,673 ","4,289 ","2,221 ","2,068 ","7,206 ","3,542 ","3,664 ","5,904 ","2,963 ","2,941 ",579,306,273,482,253,229,324,177,147,302,167,135,130,65,65,144,83,61,325,167,158,426,221,205,625,291,334,671,338,333,281,153,128,654,326,328,517,252,265,301,144,157,698,336,362,225,122,103,651,307,344,357,161,196,305,122,183,630,288,342,535,269,266,522,296,226,477,263,214,286,138,148,483,241,242,565,277,288,593,294,299,614,307,307,634,296,338,930,472,458,291,147,144,695,367,328,752,382,370,548,265,283,847,433,414,,,,,,,,,,,
 54세 ," 16,042 "," 8,211 "," 7,831 ","4,208 ","2,169 ","2,039 ","6,580 ","3,364 ","3,216 ","5,254 ","2,678 ","2,576 ",579,318,261,493,274,219,368,179,189,263,122,141,137,64,73,127,74,53,340,187,153,403,197,206,615,303,312,643,340,303,240,111,129,606,308,298,466,245,221,288,149,139,710,363,347,213,112,101,522,256,266,343,176,167,323,170,153,546,259,287,503,248,255,463,250,213,434,247,187,229,113,116,427,192,235,507,276,231,505,255,250,585,315,270,538,270,268,818,406,412,261,128,133,639,329,310,678,339,339,479,252,227,751,384,367,,,,,,,,,,,
 55세 ," 15,474 "," 7,922 "," 7,552 ","4,315 ","2,211 ","2,104 ","6,107 ","3,143 ","2,964 ","5,052 ","2,568 ","2,484 ",578,299,279,450,236,214,397,213,184,323,163,160,163,82,81,181,101,80,335,174,161,438,214,224,615,284,331,592,323,269,243,122,121,611,305,306,468,248,220,236,111,125,584,298,286,221,117,104,443,222,221,318,147,171,327,170,157,535,293,242,489,251,238,398,203,195,373,208,165,228,111,117,401,205,196,475,254,221,507,243,264,508,270,238,520,278,242,819,397,422,230,106,124,631,333,298,611,326,285,491,239,252,735,376,359,,,,,,,,,,,
 56세 ," 15,562 "," 7,944 "," 7,618 ","4,351 ","2,251 ","2,100 ","6,191 ","3,153 ","3,038 ","5,020 ","2,540 ","2,480 ",602,298,304,443,257,186,361,189,172,356,177,179,185,95,90,163,107,56,364,184,180,444,225,219,603,298,305,577,296,281,253,125,128,585,287,298,423,220,203,277,143,134,638,326,312,226,117,109,454,244,210,338,162,176,342,157,185,541,258,283,504,256,248,391,229,162,330,177,153,249,120,129,437,209,228,456,248,208,500,263,237,514,265,249,491,270,221,803,389,414,318,159,159,631,301,330,648,338,310,409,201,208,706,354,352,,,,,,,,,,,
 57세 ," 13,756 "," 7,092 "," 6,664 ","3,703 ","1,925 ","1,778 ","5,446 ","2,823 ","2,623 ","4,607 ","2,344 ","2,263 ",444,263,181,419,222,197,363,172,191,265,127,138,171,103,68,157,78,79,290,150,140,368,183,185,506,240,266,479,259,220,241,128,113,503,270,233,421,217,204,239,105,134,558,302,256,173,94,79,417,217,200,321,158,163,271,135,136,489,251,238,457,231,226,330,187,143,287,165,122,205,94,111,379,197,182,396,200,196,465,242,223,410,217,193,464,228,236,717,363,354,278,139,139,610,303,307,566,290,276,406,213,193,691,349,342,,,,,,,,,,,
 58세 ," 14,942 "," 7,733 "," 7,209 ","4,285 ","2,271 ","2,014 ","5,910 ","2,989 ","2,921 ","4,747 ","2,473 ","2,274 ",563,320,243,490,290,200,406,208,198,290,145,145,191,94,97,179,97,82,379,208,171,408,211,197,610,302,308,533,272,261,236,124,112,605,307,298,427,213,214,285,124,161,574,308,266,191,95,96,432,232,200,366,195,171,312,148,164,495,225,270,450,206,244,326,175,151,338,184,154,237,114,123,417,227,190,455,236,219,492,250,242,428,222,206,440,234,206,789,418,371,277,148,129,616,322,294,572,311,261,453,230,223,680,338,342,,,,,,,,,,,
 59세 ," 13,396 "," 6,769 "," 6,627 ","4,084 ","2,086 ","1,998 ","5,157 ","2,541 ","2,616 ","4,155 ","2,142 ","2,013 ",508,270,238,432,221,211,383,194,189,308,153,155,189,96,93,205,96,109,331,179,152,389,194,195,531,280,251,537,274,263,271,129,142,457,218,239,331,165,166,245,118,127,542,277,265,193,106,87,389,195,194,331,149,182,280,129,151,450,215,235,433,222,211,261,135,126,260,132,128,204,96,108,361,176,185,420,208,212,444,225,219,398,229,169,409,225,184,631,315,316,219,109,110,589,284,305,485,245,240,364,181,183,616,329,287,,,,,,,,,,,
 60대 ," 111,016 "," 53,216 "," 57,800 "," 33,303 "," 16,802 "," 16,501 "," 42,857 "," 20,147 "," 22,710 "," 34,856 "," 16,267 "," 18,589 "," 3,928 "," 1,972 "," 1,956 "," 3,820 "," 1,982 "," 1,838 "," 3,106 "," 1,534 "," 1,572 "," 3,023 "," 1,469 "," 1,554 "," 1,782 ", 919 , 863 ," 1,886 "," 1,017 ", 869 ," 2,814 "," 1,478 "," 1,336 "," 3,172 "," 1,555 "," 1,617 "," 4,039 "," 1,998 "," 2,041 "," 3,624 "," 1,795 "," 1,829 "," 2,109 "," 1,083 "," 1,026 "," 4,152 "," 2,053 "," 2,099 "," 2,688 "," 1,264 "," 1,424 "," 1,785 ", 860 , 925 ," 3,742 "," 1,826 "," 1,916 "," 1,351 ", 666 , 685 ," 3,480 "," 1,640 "," 1,840 "," 2,774 "," 1,294 "," 1,480 "," 1,943 ", 947 , 996 ," 4,397 "," 1,946 "," 2,451 "," 3,805 "," 1,779 "," 2,026 "," 2,213 ", 953 ," 1,260 "," 2,090 ", 972 ," 1,118 "," 2,064 ", 908 ," 1,156 "," 2,834 "," 1,359 "," 1,475 "," 3,539 "," 1,680 "," 1,859 "," 3,771 "," 1,757 "," 2,014 "," 2,530 "," 1,246 "," 1,284 "," 3,512 "," 1,620 "," 1,892 "," 5,365 "," 2,526 "," 2,839 "," 1,827 ", 870 , 957 ," 4,803 "," 2,295 "," 2,508 "," 4,209 "," 1,937 "," 2,272 "," 3,122 "," 1,427 "," 1,695 "," 5,717 "," 2,589 "," 3,128 ",,,,,,,,,,,
 60세 ," 15,042 "," 7,630 "," 7,412 ","4,780 ","2,485 ","2,295 ","5,778 ","2,908 ","2,870 ","4,484 ","2,237 ","2,247 ",612,317,295,521,291,230,419,222,197,419,205,214,230,120,110,252,121,131,401,189,212,476,242,234,589,323,266,550,296,254,311,159,152,632,352,280,393,185,208,274,138,136,564,284,280,195,110,85,445,214,231,369,172,197,303,162,141,517,248,269,480,236,244,283,111,172,293,143,150,202,115,87,393,216,177,435,222,213,479,230,249,397,226,171,438,223,215,716,349,367,260,131,129,596,277,319,562,270,292,362,194,168,674,337,337,,,,,,,,,,,
 61세 ," 13,802 "," 6,870 "," 6,932 ","4,255 ","2,219 ","2,036 ","5,277 ","2,533 ","2,744 ","4,270 ","2,118 ","2,152 ",509,271,238,486,265,221,396,197,199,352,169,183,206,120,86,252,140,112,360,187,173,383,179,204,516,272,244,522,270,252,273,149,124,552,294,258,354,162,192,271,112,159,493,234,259,164,95,69,439,223,216,325,154,171,282,138,144,493,207,286,413,191,222,283,137,146,239,114,125,215,101,114,350,172,178,404,199,205,495,244,251,341,192,149,403,190,213,696,352,344,231,105,126,587,267,320,506,256,250,365,192,173,646,320,326,,,,,,,,,,,
 62세 ," 12,522 "," 6,211 "," 6,311 ","3,863 ","2,012 ","1,851 ","4,831 ","2,355 ","2,476 ","3,828 ","1,844 ","1,984 ",440,237,203,451,241,210,355,182,173,343,178,165,203,94,109,197,119,78,310,172,138,382,199,183,492,243,249,441,219,222,249,128,121,444,227,217,321,161,160,226,116,110,452,221,231,163,83,80,387,179,208,325,167,158,240,115,125,473,216,257,415,200,215,233,107,126,245,126,119,230,98,132,309,153,156,368,186,182,424,208,216,276,148,128,409,205,204,593,257,336,212,104,108,560,279,281,450,231,219,298,139,159,606,273,333,,,,,,,,,,,
 63세 ," 11,670 "," 5,668 "," 6,002 ","3,552 ","1,799 ","1,753 ","4,540 ","2,116 ","2,424 ","3,578 ","1,753 ","1,825 ",443,220,223,397,200,197,333,177,156,343,169,174,170,87,83,193,102,91,311,179,132,365,187,178,410,195,215,365,171,194,222,112,110,463,223,240,276,120,156,197,98,99,421,221,200,142,76,66,338,155,183,289,114,175,197,93,104,473,205,268,385,182,203,239,112,127,213,101,112,194,89,105,324,154,170,389,173,216,392,183,209,244,123,121,351,173,178,581,292,289,185,92,93,512,254,258,417,208,209,313,148,165,583,280,303,,,,,,,,,,,
 64세 ," 10,731 "," 5,108 "," 5,623 ","3,175 ","1,569 ","1,606 ","4,087 ","1,931 ","2,156 ","3,469 ","1,608 ","1,861 ",353,190,163,385,187,198,309,141,168,249,120,129,190,95,95,177,97,80,285,145,140,294,150,144,403,186,217,323,153,170,207,105,102,372,184,188,268,138,130,163,76,87,353,175,178,113,46,67,381,172,209,239,132,107,177,89,88,426,188,238,358,164,194,211,93,118,224,102,122,210,91,119,258,119,139,334,162,172,382,199,183,255,115,140,333,159,174,538,240,298,177,88,89,486,232,254,412,183,229,325,134,191,561,258,303,,,,,,,,,,,
 65세 ," 10,415 "," 4,921 "," 5,494 ","3,114 ","1,546 ","1,568 ","4,031 ","1,916 ","2,115 ","3,270 ","1,459 ","1,811 ",368,182,186,373,172,201,287,143,144,281,134,147,169,84,85,176,97,79,271,130,141,314,157,157,353,181,172,339,172,167,183,94,89,378,202,176,247,135,112,166,86,80,349,181,168,128,49,79,323,145,178,278,136,142,180,86,94,432,199,233,371,173,198,203,83,120,184,94,90,200,77,123,289,131,158,303,139,164,364,167,197,212,98,114,302,137,165,538,241,297,183,78,105,453,215,238,370,152,218,290,128,162,558,243,315,,,,,,,,,,,
 66세 ," 10,801 "," 5,024 "," 5,777 ","3,116 ","1,550 ","1,566 ","4,178 ","1,891 ","2,287 ","3,507 ","1,583 ","1,924 ",366,167,199,363,193,170,300,141,159,276,135,141,160,85,75,181,86,95,268,143,125,297,147,150,381,185,196,329,156,173,195,112,83,417,198,219,264,120,144,172,90,82,331,153,178,131,60,71,348,172,176,266,121,145,171,79,92,421,171,250,387,160,227,224,106,118,184,83,101,202,82,120,286,134,152,374,162,212,399,174,225,235,105,130,365,154,211,503,243,260,169,75,94,515,256,259,420,176,244,353,154,199,548,246,302,,,,,,,,,,,
 67세 ," 8,817 "," 3,949 "," 4,868 ","2,520 ","1,212 ","1,308 ","3,398 ","1,499 ","1,899 ","2,899 ","1,238 ","1,661 ",281,135,146,279,144,135,247,117,130,232,99,133,170,75,95,157,92,65,210,116,94,232,107,125,303,137,166,238,120,118,171,70,101,307,132,175,201,86,115,104,49,55,242,114,128,99,42,57,267,120,147,244,110,134,139,63,76,359,150,209,375,175,200,178,69,109,182,80,102,205,90,115,223,94,129,273,125,148,300,123,177,204,91,113,324,132,192,406,192,214,134,60,74,371,178,193,380,149,231,294,112,182,486,201,285,,,,,,,,,,,
 68세 ," 8,829 "," 4,039 "," 4,790 ","2,486 ","1,223 ","1,263 ","3,456 ","1,545 ","1,911 ","2,887 ","1,271 ","1,616 ",261,121,140,286,148,138,228,101,127,265,135,130,158,80,78,163,86,77,214,123,91,214,94,120,297,134,163,258,120,138,142,81,61,285,121,164,183,77,106,115,52,63,273,122,151,113,56,57,296,146,150,225,99,126,126,64,62,418,185,233,307,152,155,195,73,122,179,73,106,207,84,123,211,95,116,323,146,177,286,116,170,177,71,106,290,120,170,412,193,219,145,72,73,393,189,204,369,179,190,264,112,152,551,219,332,,,,,,,,,,,
 69세 ," 8,387 "," 3,796 "," 4,591 ","2,442 ","1,187 ","1,255 ","3,281 ","1,453 ","1,828 ","2,664 ","1,156 ","1,508 ",295,132,163,279,141,138,232,113,119,263,125,138,126,79,47,138,77,61,184,94,90,215,93,122,295,142,153,259,118,141,156,73,83,302,120,182,181,80,101,97,43,54,264,121,143,103,49,54,256,114,142,214,89,125,128,58,70,385,177,208,314,146,168,164,62,102,147,56,91,199,81,118,191,91,100,336,166,170,250,113,137,189,77,112,297,127,170,382,167,215,131,65,66,330,148,182,323,133,190,258,114,144,504,212,292,,,,,,,,,,,
 70대 ," 65,830 "," 29,807 "," 36,023 "," 16,155 "," 7,472 "," 8,683 "," 26,346 "," 11,784 "," 14,562 "," 23,329 "," 10,551 "," 12,778 "," 1,940 ", 836 ," 1,104 "," 1,863 ", 886 , 977 ," 1,500 ", 670 , 830 ," 1,516 ", 773 , 743 , 933 , 477 , 456 , 930 , 449 , 481 ," 1,207 ", 577 , 630 ," 1,475 ", 657 , 818 ," 1,925 ", 879 ," 1,046 "," 1,877 ", 810 ," 1,067 ", 989 , 458 , 531 ," 2,396 "," 1,048 "," 1,348 "," 1,163 ", 535 , 628 , 758 , 376 , 382 ," 1,869 ", 872 , 997 , 893 , 390 , 503 ," 2,198 "," 1,004 "," 1,194 "," 1,456 ", 677 , 779 , 829 , 360 , 469 ," 3,213 "," 1,388 "," 1,825 "," 2,797 "," 1,257 "," 1,540 "," 1,492 ", 595 , 897 ," 1,217 ", 554 , 663 ," 1,739 ", 766 , 973 ," 1,562 ", 686 , 876 ," 2,764 "," 1,276 "," 1,488 "," 2,299 "," 1,017 "," 1,282 "," 1,746 ", 687 ," 1,059 "," 2,788 "," 1,251 "," 1,537 "," 3,364 "," 1,459 "," 1,905 "," 1,042 ", 477 , 565 ," 2,592 "," 1,227 "," 1,365 "," 2,780 "," 1,255 "," 1,525 "," 2,419 "," 1,092 "," 1,327 "," 4,299 "," 2,086 "," 2,213 ",,,,,,,,,,,
 70세 ," 6,600 "," 2,892 "," 3,708 ","1,750 ",807 ,943 ,"2,587 ","1,115 ","1,472 ","2,263 ",970 ,"1,293 ",206,91,115,205,94,111,160,73,87,166,83,83,105,57,48,90,47,43,140,67,73,168,75,93,211,95,116,190,80,110,109,45,64,255,114,141,126,55,71,83,44,39,174,87,87,74,25,49,218,100,118,151,52,99,88,43,45,314,120,194,281,122,159,138,55,83,114,57,57,156,51,105,158,78,80,257,112,145,204,82,122,193,75,118,267,113,154,304,119,185,114,51,63,268,133,135,275,118,157,193,80,113,445,199,246,,,,,,,,,,,
 71세 ," 7,662 "," 3,505 "," 4,157 ","1,941 ",961 ,980 ,"3,045 ","1,373 ","1,672 ","2,676 ","1,171 ","1,505 ",224,99,125,249,143,106,181,91,90,186,88,98,96,54,42,96,48,48,137,68,69,192,85,107,226,107,119,234,110,124,120,68,52,260,108,152,147,70,77,98,56,42,225,100,125,102,45,57,263,115,148,165,89,76,102,36,66,372,166,206,313,140,173,169,72,97,128,56,72,196,87,109,202,96,106,303,137,166,249,117,132,179,68,111,328,135,193,389,168,221,121,63,58,316,145,171,288,120,168,290,127,163,516,228,288,,,,,,,,,,,
 72세 ," 7,220 "," 3,247 "," 3,973 ","1,754 ",845 ,909 ,"2,854 ","1,232 ","1,622 ","2,612 ","1,170 ","1,442 ",200,91,109,203,99,104,151,66,85,190,94,96,105,59,46,105,52,53,121,58,63,163,75,88,209,105,104,192,86,106,115,60,55,240,108,132,143,66,77,69,38,31,219,87,132,89,37,52,251,109,142,165,86,79,101,34,67,351,144,207,301,132,169,168,62,106,147,61,86,182,77,105,142,60,82,286,131,155,229,106,123,200,85,115,289,122,167,362,166,196,111,48,63,302,136,166,335,136,199,286,127,159,498,244,254,,,,,,,,,,,
 73세 ," 7,704 "," 3,471 "," 4,233 ","1,908 ",925 ,983 ,"3,094 ","1,358 ","1,736 ","2,702 ","1,188 ","1,514 ",220,96,124,204,102,102,179,91,88,203,108,95,111,54,57,105,56,49,141,70,71,176,75,101,227,107,120,215,103,112,127,63,64,298,132,166,132,58,74,87,47,40,229,114,115,102,45,57,252,115,137,174,85,89,104,53,51,358,145,213,310,132,178,180,79,101,143,59,84,195,84,111,190,78,112,340,132,208,271,118,153,196,80,116,314,131,183,361,150,211,121,47,74,321,148,173,319,142,177,284,131,153,515,241,274,,,,,,,,,,,
 74세 ," 7,730 "," 3,426 "," 4,304 ","1,784 ",846 ,938 ,"3,188 ","1,412 ","1,776 ","2,758 ","1,168 ","1,590 ",198,81,117,215,106,109,161,85,76,186,101,85,97,44,53,112,56,56,127,64,63,166,74,92,224,101,123,210,92,118,88,42,46,277,117,160,152,76,76,90,37,53,234,113,121,109,44,65,254,123,131,194,94,100,91,39,52,395,175,220,301,130,171,188,66,122,147,62,85,236,113,123,192,72,120,328,151,177,285,117,168,207,74,133,337,142,195,401,174,227,124,57,67,312,124,188,313,137,176,271,120,151,508,223,285,,,,,,,,,,,
 75세 ," 5,660 "," 2,564 "," 3,096 ","1,349 ",639 ,710 ,"2,276 ","1,000 ","1,276 ","2,035 ",925 ,"1,110 ",171,80,91,142,70,72,141,52,89,106,62,44,81,47,34,67,34,33,109,58,51,120,50,70,160,76,84,153,68,85,99,42,57,196,92,104,92,39,53,64,32,32,157,72,85,68,29,39,164,78,86,127,53,74,88,46,42,302,120,182,254,105,149,129,40,89,115,55,60,155,66,89,127,54,73,238,119,119,170,77,93,125,53,72,244,107,137,331,145,186,86,43,43,226,101,125,273,129,144,185,82,103,395,188,207,,,,,,,,,,,
 76세 ," 5,913 "," 2,688 "," 3,225 ","1,442 ",669 ,773 ,"2,333 ","1,065 ","1,268 ","2,138 ",954 ,"1,184 ",187,81,106,177,79,98,137,64,73,121,67,54,82,39,43,82,41,41,100,53,47,143,72,71,152,67,85,184,77,107,77,29,48,208,87,121,87,39,48,61,28,33,159,71,88,86,44,42,198,87,111,133,60,73,64,29,35,278,122,156,257,124,133,129,59,70,118,57,61,150,83,67,132,61,71,273,114,159,213,101,112,133,55,78,270,112,158,317,133,184,98,41,57,238,116,122,266,119,147,244,104,140,359,173,186,,,,,,,,,,,
 77세 ," 5,501 "," 2,499 "," 3,002 ","1,326 ",568 ,758 ,"2,217 ","1,009 ","1,208 ","1,958 ",922 ,"1,036 ",169,64,105,153,57,96,109,36,73,134,70,64,89,45,44,80,33,47,95,44,51,111,57,54,161,73,88,141,52,89,84,37,47,193,87,106,99,49,50,65,25,40,165,82,83,87,38,49,208,97,111,116,46,70,66,29,37,261,117,144,241,115,126,125,51,74,90,40,50,129,57,72,124,51,73,248,125,123,209,87,122,152,60,92,243,117,126,251,103,148,85,40,45,202,97,105,229,112,117,199,96,103,388,210,178,,,,,,,,,,,
 78세 ," 5,959 "," 2,749 "," 3,210 ","1,463 ",616 ,847 ,"2,361 ","1,080 ","1,281 ","2,135 ","1,053 ","1,082 ",185,88,97,173,67,106,147,61,86,106,36,70,88,43,45,88,36,52,113,44,69,127,50,77,166,74,92,183,73,110,87,44,43,220,90,130,103,47,56,70,36,34,143,67,76,96,41,55,205,102,103,126,60,66,63,27,36,293,131,162,293,130,163,130,49,81,102,45,57,180,87,93,128,57,71,209,111,98,244,112,132,181,70,111,269,146,123,346,154,192,87,43,44,211,115,96,232,122,110,246,120,126,319,171,148,,,,,,,,,,,
 79세 ," 5,881 "," 2,766 "," 3,115 ","1,438 ",596 ,842 ,"2,391 ","1,140 ","1,251 ","2,052 ","1,030 ","1,022 ",180,65,115,142,69,73,134,51,83,118,64,54,79,35,44,105,46,59,124,51,73,109,44,65,189,74,115,175,69,106,83,28,55,249,113,136,82,36,46,71,33,38,164,79,85,80,42,38,185,78,107,105,52,53,62,24,38,289,148,141,246,127,119,136,62,74,113,62,51,160,61,99,167,79,88,282,144,138,225,100,125,180,67,113,227,126,101,302,147,155,95,44,51,196,112,84,250,120,130,221,105,116,356,209,147,,,,,,,,,,,
 80대 ," 29,197 "," 12,220 "," 16,977 "," 7,661 "," 2,801 "," 4,860 "," 11,705 "," 4,993 "," 6,712 "," 9,831 "," 4,426 "," 5,405 ", 936 , 327 , 609 , 834 , 337 , 497 , 771 , 257 , 514 , 625 , 227 , 398 , 494 , 179 , 315 , 661 , 230 , 431 , 625 , 223 , 402 , 713 , 253 , 460 , 786 , 313 , 473 , 838 , 310 , 528 , 378 , 145 , 233 ," 1,098 ", 458 , 640 , 465 , 159 , 306 , 609 , 222 , 387 , 694 , 274 , 420 , 428 , 189 , 239 , 930 , 405 , 525 , 621 , 273 , 348 , 339 , 123 , 216 ," 1,424 ", 647 , 777 ," 1,218 ", 566 , 652 , 655 , 248 , 407 , 558 , 243 , 315 , 816 , 383 , 433 , 675 , 253 , 422 ," 1,175 ", 550 , 625 ," 1,036 ", 427 , 609 , 959 , 388 , 571 ," 1,110 ", 537 , 573 ," 1,595 ", 693 , 902 , 498 , 201 , 297 , 956 , 409 , 547 ," 1,141 ", 528 , 613 , 996 , 467 , 529 ," 1,540 ", 776 , 764 ,,,,,,,,,,,
 80세 ," 4,877 "," 2,204 "," 2,673 ","1,196 ",479 ,717 ,"1,973 ",909 ,"1,064 ","1,708 ",816 ,892 ,135,47,88,137,55,82,128,53,75,97,40,57,76,31,45,90,29,61,86,42,44,114,35,79,121,56,65,140,61,79,72,30,42,166,61,105,80,37,43,66,21,45,121,55,66,75,33,42,171,81,90,112,57,55,52,22,30,250,127,123,198,99,99,121,46,75,90,43,47,144,70,74,113,45,68,214,112,102,171,73,98,139,54,85,193,100,93,256,119,137,87,41,46,172,76,96,208,96,112,197,98,99,285,159,126,,,,,,,,,,,
 81세 ," 4,267 "," 1,955 "," 2,312 ","1,027 ",421 ,606 ,"1,717 ",770 ,947 ,"1,523 ",764 ,759 ,130,47,83,119,53,66,100,37,63,75,32,43,67,28,39,77,31,46,62,21,41,96,38,58,114,56,58,132,55,77,55,23,32,170,72,98,61,27,34,75,27,48,102,40,62,77,37,40,119,53,66,78,30,48,52,21,31,204,100,104,194,101,93,105,46,59,84,41,43,124,50,74,111,49,62,161,76,85,160,66,94,153,76,77,171,88,83,246,115,131,71,33,38,139,70,69,182,102,80,175,93,82,226,121,105,,,,,,,,,,,
 82세 ," 3,803 "," 1,637 "," 2,166 ",996 ,364 ,632 ,"1,527 ",663 ,864 ,"1,280 ",610 ,670 ,136,51,85,103,34,69,100,38,62,73,31,42,63,23,40,95,35,60,71,25,46,92,38,54,108,33,75,103,34,69,52,22,30,170,76,94,56,19,37,66,20,46,85,43,42,47,18,29,131,65,66,65,32,33,48,17,31,212,90,122,150,76,74,79,28,51,66,27,39,105,45,60,89,38,51,158,69,89,121,57,64,134,56,78,141,67,74,201,95,106,62,27,35,141,63,78,146,63,83,104,51,53,230,131,99,,,,,,,,,,,
 83세 ," 3,405 "," 1,500 "," 1,905 ",847 ,304 ,543 ,"1,388 ",621 ,767 ,"1,170 ",575 ,595 ,90,36,54,105,50,55,84,19,65,82,26,56,44,12,32,77,28,49,67,22,45,75,29,46,81,38,43,112,35,77,30,9,21,130,54,76,47,11,36,56,20,36,69,28,41,62,32,30,134,65,69,82,35,47,39,14,25,170,79,91,156,80,76,76,27,49,68,32,36,84,37,47,73,32,41,142,75,67,124,57,67,110,45,65,144,71,73,216,98,118,41,18,23,113,64,49,117,61,56,139,72,67,166,89,77,,,,,,,,,,,
 84세 ," 3,082 "," 1,283 "," 1,799 ",854 ,331 ,523 ,"1,217 ",507 ,710 ,"1,011 ",445 ,566 ,108,36,72,94,43,51,77,27,50,71,26,45,48,19,29,83,31,52,66,25,41,65,26,39,110,50,60,84,30,54,48,18,30,121,52,69,55,14,41,69,19,50,66,20,46,52,19,33,94,36,58,72,30,42,34,11,23,156,79,77,124,51,73,66,32,34,59,30,29,70,34,36,64,26,38,115,54,61,113,56,57,118,44,74,117,67,50,154,72,82,49,11,38,104,31,73,116,52,64,85,36,49,155,76,79,,,,,,,,,,,
 85세 ," 2,685 "," 1,042 "," 1,643 ",728 ,255 ,473 ,"1,086 ",430 ,656 ,871 ,357 ,514 ,105,39,66,67,29,38,69,19,50,80,27,53,45,16,29,57,19,38,59,19,40,66,20,46,66,22,44,83,32,51,31,13,18,96,42,54,50,13,37,54,24,30,82,30,52,47,25,22,82,24,58,51,21,30,37,12,25,119,48,71,97,37,60,65,22,43,56,18,38,80,44,36,64,20,44,106,50,56,82,25,57,80,26,54,94,37,57,172,72,100,53,19,34,66,27,39,111,53,58,84,35,49,129,63,66,,,,,,,,,,,
 86세 ," 2,344 ", 942 ," 1,402 ",694 ,245 ,449 ,901 ,378 ,523 ,749 ,319 ,430 ,80,30,50,68,25,43,81,26,55,44,17,27,54,16,38,67,26,41,66,21,45,68,22,46,65,27,38,71,26,45,30,9,21,89,39,50,33,11,22,64,20,44,53,22,31,23,8,15,70,34,36,59,26,33,25,9,16,104,45,59,96,40,56,41,17,24,41,19,22,66,38,28,57,18,39,80,32,48,95,34,61,82,31,51,71,34,37,120,41,79,34,16,18,66,25,41,80,42,38,75,41,34,126,55,71,,,,,,,,,,,
 87세 ," 1,896 ", 671 ," 1,225 ",529 ,166 ,363 ,784 ,298 ,486 ,583 ,207 ,376 ,65,21,44,55,21,34,54,15,39,50,16,34,41,12,29,49,15,34,54,21,33,58,19,39,45,12,33,37,9,28,21,5,16,71,27,44,30,8,22,64,30,34,49,12,37,21,8,13,54,23,31,41,17,24,17,4,13,89,39,50,87,36,51,50,17,33,37,14,23,63,27,36,36,8,28,75,28,47,67,22,45,54,24,30,74,30,44,81,27,54,43,10,33,64,25,39,61,20,41,55,16,39,84,33,51,,,,,,,,,,,
 88세 ," 1,527 ", 535 , 992 ,447 ,134 ,313 ,593 ,216 ,377 ,487 ,185 ,302 ,47,9,38,44,15,29,46,11,35,29,6,23,36,14,22,40,11,29,52,17,35,40,11,29,43,12,31,47,19,28,23,9,14,41,16,25,25,10,15,48,23,25,41,18,23,11,5,6,43,12,31,37,14,23,22,6,16,63,26,37,63,26,37,29,6,23,31,8,23,44,15,29,31,7,24,64,24,40,46,18,28,48,18,30,53,29,24,78,27,51,30,14,16,42,17,25,61,20,41,45,12,33,84,30,54,,,,,,,,,,,
 89세 ," 1,311 ", 451 , 860 ,343 ,102 ,241 ,519 ,201 ,318 ,449 ,148 ,301 ,40,11,29,42,12,30,32,12,20,24,6,18,20,8,12,26,5,21,42,10,32,39,15,24,33,7,26,29,9,20,16,7,9,44,19,25,28,9,19,47,18,29,26,6,20,13,4,9,32,12,20,24,11,13,13,7,6,57,14,43,53,20,33,23,7,16,26,11,15,36,23,13,37,10,27,60,30,30,57,19,38,41,14,27,52,14,38,71,27,44,28,12,16,49,11,38,59,19,40,37,13,24,55,19,36,,,,,,,,,,,
 90대 ," 4,311 "," 1,147 "," 3,164 "," 1,196 ", 263 , 933 ," 1,731 ", 483 ," 1,248 "," 1,384 ", 401 , 983 , 132 , 24 , 108 , 133 , 25 , 108 , 130 , 23 , 107 , 98 , 22 , 76 , 79 , 16 , 63 , 89 , 23 , 66 , 117 , 29 , 88 , 103 , 22 , 81 , 126 , 30 , 96 , 115 , 29 , 86 , 74 , 20 , 54 , 134 , 39 , 95 , 85 , 13 , 72 , 165 , 61 , 104 , 117 , 24 , 93 , 43 , 9 , 34 , 138 , 49 , 89 , 94 , 14 , 80 , 41 , 8 , 33 , 213 , 44 , 169 , 179 , 62 , 117 , 89 , 31 , 58 , 79 , 21 , 58 , 90 , 35 , 55 , 98 , 21 , 77 , 166 , 52 , 114 , 137 , 41 , 96 , 108 , 33 , 75 , 147 , 43 , 104 , 213 , 68 , 145 , 92 , 32 , 60 , 154 , 36 , 118 , 172 , 38 , 134 , 134 , 42 , 92 , 227 , 68 , 159 ,,,,,,,,,,,
 90세 , 975 , 294 , 681 ,280 ,64 ,216 ,395 ,127 ,268 ,300 ,103 ,197 ,38,9,29,28,3,25,34,5,29,23,6,17,20,3,17,20,6,14,19,5,14,17,7,10,26,8,18,38,8,30,17,4,13,30,7,23,20,4,16,32,13,19,29,9,20,15,6,9,30,11,19,23,3,20,9,3,6,45,13,32,44,16,28,22,8,14,15,4,11,21,8,13,22,5,17,38,17,21,33,10,23,22,7,15,36,15,21,54,22,32,27,11,16,30,9,21,36,8,28,23,7,16,39,14,25,,,,,,,,,,,
 91세 , 863 , 253 , 610 ,254 ,65 ,189 ,348 ,115 ,233 ,261 ,73 ,188 ,26,10,16,30,10,20,18,7,11,21,5,16,18,3,15,24,6,18,25,7,18,19,4,15,33,4,29,24,5,19,16,4,12,38,15,23,13,2,11,34,18,16,22,6,16,9,0,9,22,10,12,15,1,14,8,1,7,37,7,30,34,16,18,18,7,11,22,6,16,20,8,12,25,8,17,31,10,21,25,5,20,29,6,23,24,9,15,30,11,19,18,9,9,33,6,27,32,6,26,24,7,17,46,14,32,,,,,,,,,,,
 92세 , 710 , 193 , 517 ,188 ,39 ,149 ,288 ,82 ,206 ,234 ,72 ,162 ,21,2,19,22,4,18,23,5,18,17,4,13,19,3,16,7,1,6,15,2,13,18,5,13,20,5,15,21,6,15,5,2,3,23,7,16,14,3,11,25,7,18,20,4,16,11,1,10,29,12,17,16,1,15,5,0,5,42,11,31,33,10,23,15,9,6,9,2,7,9,5,4,11,1,10,26,9,17,18,8,10,22,7,15,29,6,23,37,16,21,21,6,15,22,4,18,23,5,18,23,7,16,39,13,26,,,,,,,,,,,
 93세 , 530 , 124 , 406 ,135 ,28 ,107 ,211 ,49 ,162 ,184 ,47 ,137 ,11,0,11,14,3,11,15,0,15,8,2,6,7,0,7,10,3,7,19,3,16,13,3,10,13,6,7,10,4,6,15,4,11,15,2,13,12,2,10,24,7,17,14,4,10,0,0,0,19,7,12,10,1,9,6,1,5,27,6,21,21,5,16,9,3,6,6,0,6,17,7,10,11,0,11,20,4,16,15,8,7,10,2,8,23,6,17,33,6,27,7,1,6,26,8,18,23,5,18,23,5,18,24,6,18,,,,,,,,,,,
 94세 , 378 , 87 , 291 ,114 ,24 ,90 ,147 ,31 ,116 ,117 ,32 ,85 ,16,1,15,16,3,13,10,1,9,9,4,5,1,0,1,6,1,5,10,2,8,14,1,13,12,4,8,9,3,6,11,4,7,8,2,6,4,0,4,17,2,15,7,1,6,2,0,2,8,2,6,7,2,5,6,0,6,17,2,15,21,6,15,6,2,4,9,4,5,8,1,7,12,4,8,15,3,12,11,3,8,12,3,9,9,2,7,14,5,9,5,1,4,14,4,10,18,2,16,14,5,9,20,7,13,,,,,,,,,,,
 95세 , 265 , 59 , 206 ,73 ,15 ,58 ,106 ,24 ,82 ,86 ,20 ,66 ,7,1,6,4,1,3,16,3,13,5,0,5,3,1,2,6,2,4,9,4,5,8,1,7,11,1,10,2,1,1,2,0,2,3,0,3,6,0,6,14,8,6,12,0,12,2,1,1,12,4,8,6,0,6,1,1,0,10,2,8,8,2,6,9,0,9,7,3,4,3,1,2,3,0,3,10,2,8,10,0,10,7,4,3,8,1,7,11,2,9,4,3,1,10,1,9,11,2,9,5,2,3,20,5,15,,,,,,,,,,,
 96세 , 193 , 43 , 150 ,54 ,8 ,46 ,67 ,14 ,53 ,72 ,21 ,51 ,6,1,5,5,0,5,8,1,7,8,1,7,2,1,1,4,1,3,6,1,5,5,0,5,6,1,5,3,1,2,1,0,1,2,1,1,6,0,6,5,1,4,3,0,3,2,1,1,5,0,5,4,1,3,1,0,1,10,0,10,5,1,4,4,1,3,4,1,3,5,4,1,2,0,2,9,3,6,9,3,6,1,1,0,5,1,4,16,4,12,2,0,2,4,2,2,10,3,7,8,2,6,17,5,12,,,,,,,,,,,
 97세 , 165 , 41 , 124 ,39 ,11 ,28 ,67 ,15 ,52 ,59 ,15 ,44 ,3,0,3,5,1,4,3,1,2,2,0,2,3,2,1,4,1,3,9,3,6,4,1,3,1,0,1,2,0,2,3,2,1,3,1,2,2,0,2,8,2,6,2,0,2,1,0,1,5,0,5,6,1,5,2,2,0,9,0,9,3,2,1,4,1,3,2,0,2,4,1,3,5,1,4,11,4,7,8,3,5,1,1,0,7,1,6,6,0,6,3,0,3,5,0,5,9,4,5,7,4,3,13,2,11,,,,,,,,,,,
 98세 , 141 , 32 , 109 ,42 ,6 ,36 ,60 ,16 ,44 ,39 ,10 ,29 ,3,0,3,7,0,7,2,0,2,4,0,4,4,2,2,6,1,5,3,1,2,4,0,4,3,1,2,4,1,3,2,0,2,7,3,4,7,2,5,4,1,3,4,0,4,1,0,1,5,2,3,4,3,1,2,0,2,10,1,9,5,1,4,2,0,2,2,1,1,2,0,2,3,2,1,2,0,2,5,1,4,3,2,1,5,2,3,5,1,4,1,0,1,5,0,5,5,1,4,4,1,3,6,2,4,,,,,,,,,,,
 99세 , 91 , 21 , 70 ,17 ,3 ,14 ,42 ,10 ,32 ,32 ,8 ,24 ,1,0,1,2,0,2,1,0,1,1,0,1,2,1,1,2,1,1,2,1,1,1,0,1,1,0,1,2,0,2,2,0,2,5,1,4,1,0,1,2,2,0,4,0,4,0,0,0,3,1,2,3,1,2,1,0,1,6,2,4,5,3,2,0,0,0,3,0,3,1,0,1,4,0,4,4,0,4,3,0,3,1,0,1,1,0,1,7,1,6,4,1,3,5,2,3,5,2,3,3,2,1,3,0,3,,,,,,,,,,,
 100세 이상 , 152 , 26 , 126 ,43 ,9 ,34 ,64 ,11 ,53 ,45 ,6 ,39 ,1,0,1,2,0,2,6,1,5,3,1,2,2,0,2,1,0,1,8,1,7,7,3,4,6,2,4,4,0,4,3,1,2,7,1,6,3,1,2,4,1,3,7,1,6,0,0,0,6,1,5,4,1,3,2,0,2,6,1,5,7,2,5,2,0,2,3,1,2,1,1,,5,0,5,7,0,7,9,1,8,1,0,1,2,0,2,9,1,8,3,0,3,6,1,5,6,1,5,2,0,2,7,2,5,,,,,,,,,,,
,,,,,,,,,,,,,,,,,,,,,,,,,,,,,,,,,,,,,,,,,,,,,,,,,,,,,,,,,,,,,,,,,,,,,,,,,,,,,,,,,,,,,,,,,,,,,,,,,,,,,,,,,,,,,,,,,,,,,,,,,,,,,,,,
,,,,,,,,,,,,,,,,,,,,,,,,,,,,,,,,,,,,,,,,,,,,,,,,,,,,,,,,,,,,,,,,,,,,,,,,,,,,,,,,,,,,,,,,,,,,,,,,,,,,,,,,,,,,,,,,,,,,,,,,,,,,,,,,
 구분 , 용인시 , 처인구 , 기흥구 , 수지구 ,,,,,,,,,,,,,,,,,,,,,,,,,,,,,,,,,,,,,,,,,,,,,,,,,,,,,,,,,,,,,,,,,,,,,,,,,,,,,,,,,,,,,,,,,,,,,,,,,,,,,,,,,,,,,,,,,,,,,,,,,,,,
 총계 ," 1,077,826 "," 260,877 "," 439,791 "," 377,158 ",,,,,,,,,,,,,,,,,,,,,,,,,,,,,,,,,,,,,,,,,,,,,,,,,,,,,,,,,,,,,,,,,,,,,,,,,,,,,,,,,,,,,,,,,,,,,,,,,,,,,,,,,,,,,,,,,,,,,,,,,,,,
 0-14세 ," 160,199 "," 33,253 "," 67,407 "," 59,539 ",,,,,,,,,,,,,,,,,,,,,,,,,,,,,,,,,,,,,,,,,,,,,,,,,,,,,,,,,,,,,,,,,,,,,,,,,,,,,,,,,,,,,,,,,,,,,,,,,,,,,,,,,,,,,,,,,,,,,,,,,,,,
 15-64세 ," 770,888 "," 188,891 "," 314,194 "," 267,803 ",,,,,,,,,,,,,,,,,,,,,,,,,,,,,,,,,,,,,,,,,,,,,,,,,,,,,,,,,,,,,,,,,,,,,,,,,,,,,,,,,,,,,,,,,,,,,,,,,,,,,,,,,,,,,,,,,,,,,,,,,,,,
 65세 이상 ," 146,739 "," 38,733 "," 58,190 "," 49,816 ",,,,,,,,,,,,,,,,,,,,,,,,,,,,,,,,,,,,,,,,,,,,,,,,,,,,,,,,,,,,,,,,,,,,,,,,,,,,,,,,,,,,,,,,,,,,,,,,,,,,,,,,,,,,,,,,,,,,,,,,,,,,
